"filename", "language", "HTML", "C++", "YAML", "Markdown", "Dart", "Java Properties", "JSON", "Swift", "XML", "Kotlin", "comment", "blank", "total"
"/Users/omarragab/Projects/kutub_fm/README.md", "Markdown", 0, 0, 0, 324, 0, 0, 0, 0, 0, 0, 0, 83, 407
"/Users/omarragab/Projects/kutub_fm/analysis_options.yaml", "YAML", 0, 0, 3, 0, 0, 0, 0, 0, 0, 0, 22, 4, 29
"/Users/omarragab/Projects/kutub_fm/android/app/build.gradle.kts", "Kotlin", 0, 0, 0, 0, 0, 0, 0, 0, 0, 32, 6, 7, 45
"/Users/omarragab/Projects/kutub_fm/android/app/src/debug/AndroidManifest.xml", "XML", 0, 0, 0, 0, 0, 0, 0, 0, 7, 0, 0, 1, 8
"/Users/omarragab/Projects/kutub_fm/android/app/src/main/AndroidManifest.xml", "XML", 0, 0, 0, 0, 0, 0, 0, 0, 61, 0, 0, 5, 66
"/Users/omarragab/Projects/kutub_fm/android/app/src/main/kotlin/com/example/kutub_fm/MainActivity.kt", "Kotlin", 0, 0, 0, 0, 0, 0, 0, 0, 0, 4, 0, 3, 7
"/Users/omarragab/Projects/kutub_fm/android/app/src/main/res/drawable-v21/launch_background.xml", "XML", 0, 0, 0, 0, 0, 0, 0, 0, 11, 0, 0, 2, 13
"/Users/omarragab/Projects/kutub_fm/android/app/src/main/res/drawable/launch_background.xml", "XML", 0, 0, 0, 0, 0, 0, 0, 0, 11, 0, 0, 2, 13
"/Users/omarragab/Projects/kutub_fm/android/app/src/main/res/values-night/styles.xml", "XML", 0, 0, 0, 0, 0, 0, 0, 0, 17, 0, 0, 2, 19
"/Users/omarragab/Projects/kutub_fm/android/app/src/main/res/values/styles.xml", "XML", 0, 0, 0, 0, 0, 0, 0, 0, 17, 0, 0, 2, 19
"/Users/omarragab/Projects/kutub_fm/android/app/src/profile/AndroidManifest.xml", "XML", 0, 0, 0, 0, 0, 0, 0, 0, 7, 0, 0, 1, 8
"/Users/omarragab/Projects/kutub_fm/android/build.gradle.kts", "Kotlin", 0, 0, 0, 0, 0, 0, 0, 0, 0, 21, 0, 4, 25
"/Users/omarragab/Projects/kutub_fm/android/gradle.properties", "Java Properties", 0, 0, 0, 0, 0, 2, 0, 0, 0, 0, 0, 1, 3
"/Users/omarragab/Projects/kutub_fm/android/gradle/wrapper/gradle-wrapper.properties", "Java Properties", 0, 0, 0, 0, 0, 5, 0, 0, 0, 0, 0, 1, 6
"/Users/omarragab/Projects/kutub_fm/android/settings.gradle.kts", "Kotlin", 0, 0, 0, 0, 0, 0, 0, 0, 0, 22, 0, 5, 27
"/Users/omarragab/Projects/kutub_fm/devtools_options.yaml", "YAML", 0, 0, 3, 0, 0, 0, 0, 0, 0, 0, 0, 1, 4
"/Users/omarragab/Projects/kutub_fm/ios/Runner/AppDelegate.swift", "Swift", 0, 0, 0, 0, 0, 0, 0, 14, 0, 0, 0, 3, 17
"/Users/omarragab/Projects/kutub_fm/ios/Runner/Assets.xcassets/AppIcon.appiconset/Contents.json", "JSON", 0, 0, 0, 0, 0, 0, 122, 0, 0, 0, 0, 1, 123
"/Users/omarragab/Projects/kutub_fm/ios/Runner/Assets.xcassets/LaunchImage.imageset/Contents.json", "JSON", 0, 0, 0, 0, 0, 0, 23, 0, 0, 0, 0, 1, 24
"/Users/omarragab/Projects/kutub_fm/ios/Runner/Assets.xcassets/LaunchImage.imageset/README.md", "Markdown", 0, 0, 0, 3, 0, 0, 0, 0, 0, 0, 0, 2, 5
"/Users/omarragab/Projects/kutub_fm/ios/Runner/Base.lproj/LaunchScreen.storyboard", "XML", 0, 0, 0, 0, 0, 0, 0, 0, 37, 0, 0, 1, 38
"/Users/omarragab/Projects/kutub_fm/ios/Runner/Base.lproj/Main.storyboard", "XML", 0, 0, 0, 0, 0, 0, 0, 0, 26, 0, 0, 1, 27
"/Users/omarragab/Projects/kutub_fm/ios/Runner/Runner-Bridging-Header.h", "C++", 0, 1, 0, 0, 0, 0, 0, 0, 0, 0, 0, 1, 2
"/Users/omarragab/Projects/kutub_fm/ios/Runner/SceneDelegate.swift", "Swift", 0, 0, 0, 0, 0, 0, 0, 4, 0, 0, 0, 3, 7
"/Users/omarragab/Projects/kutub_fm/ios/RunnerTests/RunnerTests.swift", "Swift", 0, 0, 0, 0, 0, 0, 0, 7, 0, 0, 2, 4, 13
"/Users/omarragab/Projects/kutub_fm/lib/core/audio/audio_models.dart", "Dart", 0, 0, 0, 0, 115, 0, 0, 0, 0, 0, 0, 15, 130
"/Users/omarragab/Projects/kutub_fm/lib/core/audio/audio_navigation_helper.dart", "Dart", 0, 0, 0, 0, 89, 0, 0, 0, 0, 0, 0, 14, 103
"/Users/omarragab/Projects/kutub_fm/lib/core/audio/audio_provider.dart", "Dart", 0, 0, 0, 0, 337, 0, 0, 0, 0, 0, 3, 60, 400
"/Users/omarragab/Projects/kutub_fm/lib/core/audio/audio_service.dart", "Dart", 0, 0, 0, 0, 214, 0, 0, 0, 0, 0, 0, 44, 258
"/Users/omarragab/Projects/kutub_fm/lib/core/audio/widgets/global_mini_player.dart", "Dart", 0, 0, 0, 0, 260, 0, 0, 0, 0, 0, 0, 17, 277
"/Users/omarragab/Projects/kutub_fm/lib/core/layout/app_shell.dart", "Dart", 0, 0, 0, 0, 58, 0, 0, 0, 0, 0, 0, 7, 65
"/Users/omarragab/Projects/kutub_fm/lib/core/navigation/app_navigation_service.dart", "Dart", 0, 0, 0, 0, 17, 0, 0, 0, 0, 0, 0, 6, 23
"/Users/omarragab/Projects/kutub_fm/lib/core/navigation/app_navigation_state.dart", "Dart", 0, 0, 0, 0, 56, 0, 0, 0, 0, 0, 0, 14, 70
"/Users/omarragab/Projects/kutub_fm/lib/core/routes/app_routes.dart", "Dart", 0, 0, 0, 0, 193, 0, 0, 0, 0, 0, 0, 4, 197
"/Users/omarragab/Projects/kutub_fm/lib/core/theme/app_theme.dart", "Dart", 0, 0, 0, 0, 47, 0, 0, 0, 0, 0, 0, 5, 52
"/Users/omarragab/Projects/kutub_fm/lib/core/utils/credit_card_utils.dart", "Dart", 0, 0, 0, 0, 13, 0, 0, 0, 0, 0, 1, 1, 15
"/Users/omarragab/Projects/kutub_fm/lib/features/audio_library/domain/entities/audio_category.dart", "Dart", 0, 0, 0, 0, 18, 0, 0, 0, 0, 0, 0, 4, 22
"/Users/omarragab/Projects/kutub_fm/lib/features/audio_library/presentation/pages/audio_library_screen.dart", "Dart", 0, 0, 0, 0, 169, 0, 0, 0, 0, 0, 4, 10, 183
"/Users/omarragab/Projects/kutub_fm/lib/features/audio_library/presentation/viewmodels/audio_library_viewmodel.dart", "Dart", 0, 0, 0, 0, 47, 0, 0, 0, 0, 0, 4, 12, 63
"/Users/omarragab/Projects/kutub_fm/lib/features/audio_library/presentation/widgets/audio_list_item.dart", "Dart", 0, 0, 0, 0, 100, 0, 0, 0, 0, 0, 3, 7, 110
"/Users/omarragab/Projects/kutub_fm/lib/features/audio_library/presentation/widgets/category_card.dart", "Dart", 0, 0, 0, 0, 83, 0, 0, 0, 0, 0, 0, 4, 87
"/Users/omarragab/Projects/kutub_fm/lib/features/audio_library/presentation/widgets/featured_audio_card.dart", "Dart", 0, 0, 0, 0, 196, 0, 0, 0, 0, 0, 3, 7, 206
"/Users/omarragab/Projects/kutub_fm/lib/features/audio_player/data/models/transcript_segment.dart", "Dart", 0, 0, 0, 0, 124, 0, 0, 0, 0, 0, 0, 25, 149
"/Users/omarragab/Projects/kutub_fm/lib/features/audio_player/data/services/transcript_asset_loader.dart", "Dart", 0, 0, 0, 0, 11, 0, 0, 0, 0, 0, 0, 5, 16
"/Users/omarragab/Projects/kutub_fm/lib/features/audio_player/domain/entities/audio_story.dart", "Dart", 0, 0, 0, 0, 90, 0, 0, 0, 0, 0, 2, 8, 100
"/Users/omarragab/Projects/kutub_fm/lib/features/audio_player/presentation/pages/audio_player_screen.dart", "Dart", 0, 0, 0, 0, 129, 0, 0, 0, 0, 0, 3, 17, 149
"/Users/omarragab/Projects/kutub_fm/lib/features/audio_player/presentation/pages/transcript_reader_screen.dart", "Dart", 0, 0, 0, 0, 111, 0, 0, 0, 0, 0, 2, 10, 123
"/Users/omarragab/Projects/kutub_fm/lib/features/audio_player/presentation/widgets/audio_story_item_widget.dart", "Dart", 0, 0, 0, 0, 426, 0, 0, 0, 0, 0, 11, 13, 450
"/Users/omarragab/Projects/kutub_fm/lib/features/audio_player/presentation/widgets/audio_waveform_visualizer.dart", "Dart", 0, 0, 0, 0, 216, 0, 0, 0, 0, 0, 11, 33, 260
"/Users/omarragab/Projects/kutub_fm/lib/features/audio_player/presentation/widgets/floating_book_cover.dart", "Dart", 0, 0, 0, 0, 191, 0, 0, 0, 0, 0, 7, 14, 212
"/Users/omarragab/Projects/kutub_fm/lib/features/audio_player/presentation/widgets/rich_transcript_view.dart", "Dart", 0, 0, 0, 0, 86, 0, 0, 0, 0, 0, 3, 10, 99
"/Users/omarragab/Projects/kutub_fm/lib/features/auth/presentation/pages/category_selection_screen.dart", "Dart", 0, 0, 0, 0, 457, 0, 0, 0, 0, 0, 13, 30, 500
"/Users/omarragab/Projects/kutub_fm/lib/features/auth/presentation/pages/login_screen.dart", "Dart", 0, 0, 0, 0, 390, 0, 0, 0, 0, 0, 9, 20, 419
"/Users/omarragab/Projects/kutub_fm/lib/features/auth/presentation/pages/register_screen.dart", "Dart", 0, 0, 0, 0, 297, 0, 0, 0, 0, 0, 10, 19, 326
"/Users/omarragab/Projects/kutub_fm/lib/features/auth/presentation/providers/auth_provider.dart", "Dart", 0, 0, 0, 0, 15, 0, 0, 0, 0, 0, 4, 7, 26
"/Users/omarragab/Projects/kutub_fm/lib/features/book_details/domain/entities/book_detail_model.dart", "Dart", 0, 0, 0, 0, 92, 0, 0, 0, 0, 0, 0, 7, 99
"/Users/omarragab/Projects/kutub_fm/lib/features/book_details/presentation/pages/book_details_page.dart", "Dart", 0, 0, 0, 0, 1071, 0, 0, 0, 0, 0, 54, 55, 1180
"/Users/omarragab/Projects/kutub_fm/lib/features/book_details/presentation/viewmodels/book_details_view_model.dart", "Dart", 0, 0, 0, 0, 36, 0, 0, 0, 0, 0, 2, 10, 48
"/Users/omarragab/Projects/kutub_fm/lib/features/book_details/presentation/widgets/list_items.dart", "Dart", 0, 0, 0, 0, 143, 0, 0, 0, 0, 0, 3, 7, 153
"/Users/omarragab/Projects/kutub_fm/lib/features/book_reader/data/models/transcript_segment.dart", "Dart", 0, 0, 0, 0, 89, 0, 0, 0, 0, 0, 1, 13, 103
"/Users/omarragab/Projects/kutub_fm/lib/features/book_reader/data/repositories/book_reader_repository.dart", "Dart", 0, 0, 0, 0, 11, 0, 0, 0, 0, 0, 0, 4, 15
"/Users/omarragab/Projects/kutub_fm/lib/features/book_reader/data/services/pdf_extraction_service.dart", "Dart", 0, 0, 0, 0, 83, 0, 0, 0, 0, 0, 19, 20, 122
"/Users/omarragab/Projects/kutub_fm/lib/features/book_reader/data/services/transcript_loader.dart", "Dart", 0, 0, 0, 0, 15, 0, 0, 0, 0, 0, 1, 3, 19
"/Users/omarragab/Projects/kutub_fm/lib/features/book_reader/domain/entities/reader_sentence.dart", "Dart", 0, 0, 0, 0, 11, 0, 0, 0, 0, 0, 1, 3, 15
"/Users/omarragab/Projects/kutub_fm/lib/features/book_reader/presentation/pages/book_reader_screen.dart", "Dart", 0, 0, 0, 0, 821, 0, 0, 0, 0, 0, 57, 83, 961
"/Users/omarragab/Projects/kutub_fm/lib/features/book_reader/presentation/pages/transcript_rich_text_screen.dart", "Dart", 0, 0, 0, 0, 118, 0, 0, 0, 0, 0, 2, 13, 133
"/Users/omarragab/Projects/kutub_fm/lib/features/book_reader/presentation/utils/transcript_text_helper.dart", "Dart", 0, 0, 0, 0, 59, 0, 0, 0, 0, 0, 2, 9, 70
"/Users/omarragab/Projects/kutub_fm/lib/features/book_reader/presentation/viewmodels/book_reader_viewmodel.dart", "Dart", 0, 0, 0, 0, 92, 0, 0, 0, 0, 0, 1, 17, 110
"/Users/omarragab/Projects/kutub_fm/lib/features/book_reader/presentation/widgets/contextual_action_menu.dart", "Dart", 0, 0, 0, 0, 59, 0, 0, 0, 0, 0, 0, 5, 64
"/Users/omarragab/Projects/kutub_fm/lib/features/book_reader/presentation/widgets/interactive_text_paragraph.dart", "Dart", 0, 0, 0, 0, 60, 0, 0, 0, 0, 0, 2, 7, 69
"/Users/omarragab/Projects/kutub_fm/lib/features/home/data/repositories/home_repository_impl.dart", "Dart", 0, 0, 0, 0, 47, 0, 0, 0, 0, 0, 2, 3, 52
"/Users/omarragab/Projects/kutub_fm/lib/features/home/domain/entities/book_entity.dart", "Dart", 0, 0, 0, 0, 16, 0, 0, 0, 0, 0, 0, 2, 18
"/Users/omarragab/Projects/kutub_fm/lib/features/home/domain/entities/category_entity.dart", "Dart", 0, 0, 0, 0, 10, 0, 0, 0, 0, 0, 0, 2, 12
"/Users/omarragab/Projects/kutub_fm/lib/features/home/domain/repositories/home_repository.dart", "Dart", 0, 0, 0, 0, 6, 0, 0, 0, 0, 0, 0, 2, 8
"/Users/omarragab/Projects/kutub_fm/lib/features/home/presentation/pages/home_screen.dart", "Dart", 0, 0, 0, 0, 519, 0, 0, 0, 0, 0, 7, 18, 544
"/Users/omarragab/Projects/kutub_fm/lib/features/home/presentation/pages/main_screen.dart", "Dart", 0, 0, 0, 0, 147, 0, 0, 0, 0, 0, 2, 11, 160
"/Users/omarragab/Projects/kutub_fm/lib/features/home/presentation/viewmodels/home_view_model.dart", "Dart", 0, 0, 0, 0, 34, 0, 0, 0, 0, 0, 0, 8, 42
"/Users/omarragab/Projects/kutub_fm/lib/features/onboarding/presentation/pages/onboarding_discover_screen.dart", "Dart", 0, 0, 0, 0, 339, 0, 0, 0, 0, 0, 15, 20, 374
"/Users/omarragab/Projects/kutub_fm/lib/features/podcast/data/podcast_mock_data.dart", "Dart", 0, 0, 0, 0, 76, 0, 0, 0, 0, 0, 0, 2, 78
"/Users/omarragab/Projects/kutub_fm/lib/features/podcast/domain/entities/podcast_comment.dart", "Dart", 0, 0, 0, 0, 35, 0, 0, 0, 0, 0, 0, 4, 39
"/Users/omarragab/Projects/kutub_fm/lib/features/podcast/domain/entities/podcast_episode.dart", "Dart", 0, 0, 0, 0, 48, 0, 0, 0, 0, 0, 0, 4, 52
"/Users/omarragab/Projects/kutub_fm/lib/features/podcast/presentation/pages/podcast_detail_page.dart", "Dart", 0, 0, 0, 0, 142, 0, 0, 0, 0, 0, 5, 13, 160
"/Users/omarragab/Projects/kutub_fm/lib/features/podcast/presentation/pages/podcast_list_page.dart", "Dart", 0, 0, 0, 0, 51, 0, 0, 0, 0, 0, 0, 4, 55
"/Users/omarragab/Projects/kutub_fm/lib/features/podcast/presentation/providers/podcast_provider.dart", "Dart", 0, 0, 0, 0, 65, 0, 0, 0, 0, 0, 1, 12, 78
"/Users/omarragab/Projects/kutub_fm/lib/features/podcast/presentation/widgets/comment_section.dart", "Dart", 0, 0, 0, 0, 152, 0, 0, 0, 0, 0, 3, 12, 167
"/Users/omarragab/Projects/kutub_fm/lib/features/podcast/presentation/widgets/play_controls.dart", "Dart", 0, 0, 0, 0, 111, 0, 0, 0, 0, 0, 3, 7, 121
"/Users/omarragab/Projects/kutub_fm/lib/features/podcast/presentation/widgets/podcast_card.dart", "Dart", 0, 0, 0, 0, 147, 0, 0, 0, 0, 0, 2, 5, 154
"/Users/omarragab/Projects/kutub_fm/lib/features/profile/data/repositories/profile_repository.dart", "Dart", 0, 0, 0, 0, 60, 0, 0, 0, 0, 0, 5, 5, 70
"/Users/omarragab/Projects/kutub_fm/lib/features/profile/domain/entities/user_profile.dart", "Dart", 0, 0, 0, 0, 69, 0, 0, 0, 0, 0, 2, 6, 77
"/Users/omarragab/Projects/kutub_fm/lib/features/profile/presentation/pages/edit_profile_screen.dart", "Dart", 0, 0, 0, 0, 276, 0, 0, 0, 0, 0, 5, 16, 297
"/Users/omarragab/Projects/kutub_fm/lib/features/profile/presentation/pages/profile_screen.dart", "Dart", 0, 0, 0, 0, 337, 0, 0, 0, 0, 0, 11, 27, 375
"/Users/omarragab/Projects/kutub_fm/lib/features/profile/presentation/pages/settings_screen.dart", "Dart", 0, 0, 0, 0, 187, 0, 0, 0, 0, 0, 6, 13, 206
"/Users/omarragab/Projects/kutub_fm/lib/features/profile/presentation/viewmodels/profile_viewmodel.dart", "Dart", 0, 0, 0, 0, 67, 0, 0, 0, 0, 0, 5, 13, 85
"/Users/omarragab/Projects/kutub_fm/lib/features/profile/presentation/widgets/profile_widgets.dart", "Dart", 0, 0, 0, 0, 339, 0, 0, 0, 0, 0, 5, 28, 372
"/Users/omarragab/Projects/kutub_fm/lib/features/profile/presentation/widgets/settings_widgets.dart", "Dart", 0, 0, 0, 0, 178, 0, 0, 0, 0, 0, 2, 7, 187
"/Users/omarragab/Projects/kutub_fm/lib/features/radio/data/fm_stations_mock.dart", "Dart", 0, 0, 0, 0, 14, 0, 0, 0, 0, 0, 1, 2, 17
"/Users/omarragab/Projects/kutub_fm/lib/features/radio/data/radio_browser_service.dart", "Dart", 0, 0, 0, 0, 46, 0, 0, 0, 0, 0, 5, 7, 58
"/Users/omarragab/Projects/kutub_fm/lib/features/radio/domain/fm_station.dart", "Dart", 0, 0, 0, 0, 38, 0, 0, 0, 0, 0, 2, 8, 48
"/Users/omarragab/Projects/kutub_fm/lib/features/radio/presentation/pages/fm_radio_screen.dart", "Dart", 0, 0, 0, 0, 280, 0, 0, 0, 0, 0, 3, 15, 298
"/Users/omarragab/Projects/kutub_fm/lib/features/radio/presentation/pages/fm_station_detail_screen.dart", "Dart", 0, 0, 0, 0, 453, 0, 0, 0, 0, 0, 6, 30, 489
"/Users/omarragab/Projects/kutub_fm/lib/features/radio/presentation/provider/fm_radio_provider.dart", "Dart", 0, 0, 0, 0, 101, 0, 0, 0, 0, 0, 0, 20, 121
"/Users/omarragab/Projects/kutub_fm/lib/features/radio/presentation/theme/fm_radio_theme.dart", "Dart", 0, 0, 0, 0, 17, 0, 0, 0, 0, 0, 1, 3, 21
"/Users/omarragab/Projects/kutub_fm/lib/features/radio/presentation/widgets/fm_station_artwork.dart", "Dart", 0, 0, 0, 0, 85, 0, 0, 0, 0, 0, 1, 8, 94
"/Users/omarragab/Projects/kutub_fm/lib/features/radio/presentation/widgets/fm_station_list_tile.dart", "Dart", 0, 0, 0, 0, 216, 0, 0, 0, 0, 0, 1, 9, 226
"/Users/omarragab/Projects/kutub_fm/lib/features/radio/presentation/widgets/live_broadcast_badge.dart", "Dart", 0, 0, 0, 0, 98, 0, 0, 0, 0, 0, 1, 13, 112
"/Users/omarragab/Projects/kutub_fm/lib/features/radio/presentation/widgets/radio_ambient_background.dart", "Dart", 0, 0, 0, 0, 78, 0, 0, 0, 0, 0, 1, 9, 88
"/Users/omarragab/Projects/kutub_fm/lib/features/radio/presentation/widgets/radio_transport_controls.dart", "Dart", 0, 0, 0, 0, 172, 0, 0, 0, 0, 0, 1, 17, 190
"/Users/omarragab/Projects/kutub_fm/lib/features/radio/presentation/widgets/radio_vu_meter.dart", "Dart", 0, 0, 0, 0, 78, 0, 0, 0, 0, 0, 1, 10, 89
"/Users/omarragab/Projects/kutub_fm/lib/features/reader_sessions/data/reader_feed_mock_data.dart", "Dart", 0, 0, 0, 0, 161, 0, 0, 0, 0, 0, 0, 5, 166
"/Users/omarragab/Projects/kutub_fm/lib/features/reader_sessions/domain/entities/active_reader.dart", "Dart", 0, 0, 0, 0, 12, 0, 0, 0, 0, 0, 0, 2, 14
"/Users/omarragab/Projects/kutub_fm/lib/features/reader_sessions/domain/entities/reader_comment.dart", "Dart", 0, 0, 0, 0, 40, 0, 0, 0, 0, 0, 0, 4, 44
"/Users/omarragab/Projects/kutub_fm/lib/features/reader_sessions/domain/entities/reader_post.dart", "Dart", 0, 0, 0, 0, 83, 0, 0, 0, 0, 0, 0, 9, 92
"/Users/omarragab/Projects/kutub_fm/lib/features/reader_sessions/presentation/pages/create_post_screen.dart", "Dart", 0, 0, 0, 0, 165, 0, 0, 0, 0, 0, 0, 10, 175
"/Users/omarragab/Projects/kutub_fm/lib/features/reader_sessions/presentation/pages/reader_post_detail_screen.dart", "Dart", 0, 0, 0, 0, 193, 0, 0, 0, 0, 0, 0, 13, 206
"/Users/omarragab/Projects/kutub_fm/lib/features/reader_sessions/presentation/pages/reader_sessions_screen.dart", "Dart", 0, 0, 0, 0, 331, 0, 0, 0, 0, 0, 0, 25, 356
"/Users/omarragab/Projects/kutub_fm/lib/features/reader_sessions/presentation/providers/reader_sessions_provider.dart", "Dart", 0, 0, 0, 0, 132, 0, 0, 0, 0, 0, 0, 21, 153
"/Users/omarragab/Projects/kutub_fm/lib/features/reader_sessions/presentation/widgets/active_users_bar.dart", "Dart", 0, 0, 0, 0, 128, 0, 0, 0, 0, 0, 0, 12, 140
"/Users/omarragab/Projects/kutub_fm/lib/features/reader_sessions/presentation/widgets/comment_item.dart", "Dart", 0, 0, 0, 0, 91, 0, 0, 0, 0, 0, 0, 6, 97
"/Users/omarragab/Projects/kutub_fm/lib/features/reader_sessions/presentation/widgets/post_card.dart", "Dart", 0, 0, 0, 0, 233, 0, 0, 0, 0, 0, 0, 13, 246
"/Users/omarragab/Projects/kutub_fm/lib/features/reels/domain/entities/reel_model.dart", "Dart", 0, 0, 0, 0, 47, 0, 0, 0, 0, 0, 1, 5, 53
"/Users/omarragab/Projects/kutub_fm/lib/features/reels/presentation/pages/reels_feed_page.dart", "Dart", 0, 0, 0, 0, 88, 0, 0, 0, 0, 0, 2, 7, 97
"/Users/omarragab/Projects/kutub_fm/lib/features/reels/presentation/viewmodels/reels_view_model.dart", "Dart", 0, 0, 0, 0, 31, 0, 0, 0, 0, 0, 3, 11, 45
"/Users/omarragab/Projects/kutub_fm/lib/features/reels/presentation/widgets/reel_item_widget.dart", "Dart", 0, 0, 0, 0, 377, 0, 0, 0, 0, 0, 6, 14, 397
"/Users/omarragab/Projects/kutub_fm/lib/features/reels/presentation/widgets/reels_action_button.dart", "Dart", 0, 0, 0, 0, 86, 0, 0, 0, 0, 0, 0, 9, 95
"/Users/omarragab/Projects/kutub_fm/lib/features/reels/presentation/widgets/waveform_widget.dart", "Dart", 0, 0, 0, 0, 30, 0, 0, 0, 0, 0, 1, 4, 35
"/Users/omarragab/Projects/kutub_fm/lib/features/splash/presentation/pages/splash_screen.dart", "Dart", 0, 0, 0, 0, 123, 0, 0, 0, 0, 0, 5, 9, 137
"/Users/omarragab/Projects/kutub_fm/lib/features/subscription/data/datasources/apple_pay_data_source.dart", "Dart", 0, 0, 0, 0, 19, 0, 0, 0, 0, 0, 0, 3, 22
"/Users/omarragab/Projects/kutub_fm/lib/features/subscription/data/datasources/credit_card_payment_data_source.dart", "Dart", 0, 0, 0, 0, 18, 0, 0, 0, 0, 0, 1, 4, 23
"/Users/omarragab/Projects/kutub_fm/lib/features/subscription/data/datasources/google_play_data_source.dart", "Dart", 0, 0, 0, 0, 32, 0, 0, 0, 0, 0, 5, 6, 43
"/Users/omarragab/Projects/kutub_fm/lib/features/subscription/data/datasources/wallet_payment_data_source.dart", "Dart", 0, 0, 0, 0, 22, 0, 0, 0, 0, 0, 1, 4, 27
"/Users/omarragab/Projects/kutub_fm/lib/features/subscription/data/mocks/subscription_mock_data.dart", "Dart", 0, 0, 0, 0, 50, 0, 0, 0, 0, 0, 0, 5, 55
"/Users/omarragab/Projects/kutub_fm/lib/features/subscription/data/models/subscription_plan_model.dart", "Dart", 0, 0, 0, 0, 31, 0, 0, 0, 0, 0, 0, 4, 35
"/Users/omarragab/Projects/kutub_fm/lib/features/subscription/data/repositories_impl/payment_repository_impl.dart", "Dart", 0, 0, 0, 0, 56, 0, 0, 0, 0, 0, 0, 8, 64
"/Users/omarragab/Projects/kutub_fm/lib/features/subscription/domain/entities/credit_card_info.dart", "Dart", 0, 0, 0, 0, 12, 0, 0, 0, 0, 0, 0, 2, 14
"/Users/omarragab/Projects/kutub_fm/lib/features/subscription/domain/entities/payment_method.dart", "Dart", 0, 0, 0, 0, 1, 0, 0, 0, 0, 0, 0, 1, 2
"/Users/omarragab/Projects/kutub_fm/lib/features/subscription/domain/entities/purchase_result.dart", "Dart", 0, 0, 0, 0, 10, 0, 0, 0, 0, 0, 0, 2, 12
"/Users/omarragab/Projects/kutub_fm/lib/features/subscription/domain/entities/subscription_plan.dart", "Dart", 0, 0, 0, 0, 15, 0, 0, 0, 0, 0, 0, 3, 18
"/Users/omarragab/Projects/kutub_fm/lib/features/subscription/domain/entities/wallet_provider.dart", "Dart", 0, 0, 0, 0, 1, 0, 0, 0, 0, 0, 0, 1, 2
"/Users/omarragab/Projects/kutub_fm/lib/features/subscription/domain/repositories/payment_repository.dart", "Dart", 0, 0, 0, 0, 18, 0, 0, 0, 0, 0, 0, 6, 24
"/Users/omarragab/Projects/kutub_fm/lib/features/subscription/domain/usecases/purchase_subscription_usecase.dart", "Dart", 0, 0, 0, 0, 49, 0, 0, 0, 0, 0, 0, 4, 53
"/Users/omarragab/Projects/kutub_fm/lib/features/subscription/presentation/providers/subscription_provider.dart", "Dart", 0, 0, 0, 0, 154, 0, 0, 0, 0, 0, 5, 26, 185
"/Users/omarragab/Projects/kutub_fm/lib/features/subscription/presentation/screens/credit_card_payment_screen.dart", "Dart", 0, 0, 0, 0, 289, 0, 0, 0, 0, 0, 0, 16, 305
"/Users/omarragab/Projects/kutub_fm/lib/features/subscription/presentation/screens/payment_method_screen.dart", "Dart", 0, 0, 0, 0, 201, 0, 0, 0, 0, 0, 0, 10, 211
"/Users/omarragab/Projects/kutub_fm/lib/features/subscription/presentation/screens/payment_success_screen.dart", "Dart", 0, 0, 0, 0, 92, 0, 0, 0, 0, 0, 1, 3, 96
"/Users/omarragab/Projects/kutub_fm/lib/features/subscription/presentation/screens/subscription_screen.dart", "Dart", 0, 0, 0, 0, 101, 0, 0, 0, 0, 0, 0, 5, 106
"/Users/omarragab/Projects/kutub_fm/lib/features/subscription/presentation/screens/wallet_payment_screen.dart", "Dart", 0, 0, 0, 0, 217, 0, 0, 0, 0, 0, 0, 14, 231
"/Users/omarragab/Projects/kutub_fm/lib/features/subscription/presentation/widgets/credit_card_preview.dart", "Dart", 0, 0, 0, 0, 207, 0, 0, 0, 0, 0, 0, 8, 215
"/Users/omarragab/Projects/kutub_fm/lib/features/subscription/presentation/widgets/payment_method_card.dart", "Dart", 0, 0, 0, 0, 147, 0, 0, 0, 0, 0, 0, 7, 154
"/Users/omarragab/Projects/kutub_fm/lib/features/subscription/presentation/widgets/subscription_card.dart", "Dart", 0, 0, 0, 0, 93, 0, 0, 0, 0, 0, 0, 4, 97
"/Users/omarragab/Projects/kutub_fm/lib/features/subscription/presentation/widgets/wallet_provider_selector.dart", "Dart", 0, 0, 0, 0, 68, 0, 0, 0, 0, 0, 0, 5, 73
"/Users/omarragab/Projects/kutub_fm/lib/main.dart", "Dart", 0, 0, 0, 0, 96, 0, 0, 0, 0, 0, 2, 11, 109
"/Users/omarragab/Projects/kutub_fm/linux/flutter/generated_plugin_registrant.cc", "C++", 0, 7, 0, 0, 0, 0, 0, 0, 0, 0, 4, 5, 16
"/Users/omarragab/Projects/kutub_fm/linux/flutter/generated_plugin_registrant.h", "C++", 0, 5, 0, 0, 0, 0, 0, 0, 0, 0, 5, 6, 16
"/Users/omarragab/Projects/kutub_fm/linux/runner/main.cc", "C++", 0, 5, 0, 0, 0, 0, 0, 0, 0, 0, 0, 2, 7
"/Users/omarragab/Projects/kutub_fm/linux/runner/my_application.cc", "C++", 0, 94, 0, 0, 0, 0, 0, 0, 0, 0, 26, 29, 149
"/Users/omarragab/Projects/kutub_fm/linux/runner/my_application.h", "C++", 0, 17, 0, 0, 0, 0, 0, 0, 0, 0, 0, 5, 22
"/Users/omarragab/Projects/kutub_fm/macos/Flutter/GeneratedPluginRegistrant.swift", "Swift", 0, 0, 0, 0, 0, 0, 0, 20, 0, 0, 3, 4, 27
"/Users/omarragab/Projects/kutub_fm/macos/Runner/AppDelegate.swift", "Swift", 0, 0, 0, 0, 0, 0, 0, 11, 0, 0, 0, 3, 14
"/Users/omarragab/Projects/kutub_fm/macos/Runner/Assets.xcassets/AppIcon.appiconset/Contents.json", "JSON", 0, 0, 0, 0, 0, 0, 68, 0, 0, 0, 0, 1, 69
"/Users/omarragab/Projects/kutub_fm/macos/Runner/Base.lproj/MainMenu.xib", "XML", 0, 0, 0, 0, 0, 0, 0, 0, 343, 0, 0, 1, 344
"/Users/omarragab/Projects/kutub_fm/macos/Runner/MainFlutterWindow.swift", "Swift", 0, 0, 0, 0, 0, 0, 0, 12, 0, 0, 0, 4, 16
"/Users/omarragab/Projects/kutub_fm/macos/RunnerTests/RunnerTests.swift", "Swift", 0, 0, 0, 0, 0, 0, 0, 7, 0, 0, 2, 4, 13
"/Users/omarragab/Projects/kutub_fm/pubspec.yaml", "YAML", 0, 0, 38, 0, 0, 0, 0, 0, 0, 0, 58, 14, 110
"/Users/omarragab/Projects/kutub_fm/stitch_downloads/authentication_login.html", "HTML", 182, 0, 0, 0, 0, 0, 0, 0, 0, 0, 0, 1, 183
"/Users/omarragab/Projects/kutub_fm/stitch_downloads/authentication_register.html", "HTML", 190, 0, 0, 0, 0, 0, 0, 0, 0, 0, 0, 1, 191
"/Users/omarragab/Projects/kutub_fm/stitch_downloads/category_selection.html", "HTML", 257, 0, 0, 0, 0, 0, 0, 0, 0, 0, 0, 0, 257
"/Users/omarragab/Projects/kutub_fm/stitch_downloads/home_hub.html", "HTML", 322, 0, 0, 0, 0, 0, 0, 0, 0, 0, 0, 1, 323
"/Users/omarragab/Projects/kutub_fm/stitch_downloads/onboarding_discover.html", "HTML", 172, 0, 0, 0, 0, 0, 0, 0, 0, 0, 0, 1, 173
"/Users/omarragab/Projects/kutub_fm/stitch_downloads/splash_screen.html", "HTML", 182, 0, 0, 0, 0, 0, 0, 0, 0, 0, 0, 2, 184
"/Users/omarragab/Projects/kutub_fm/test/widget_test.dart", "Dart", 0, 0, 0, 0, 9, 0, 0, 0, 0, 0, 8, 5, 22
"/Users/omarragab/Projects/kutub_fm/web/index.html", "HTML", 38, 0, 0, 0, 0, 0, 0, 0, 0, 0, 0, 9, 47
"/Users/omarragab/Projects/kutub_fm/web/manifest.json", "JSON", 0, 0, 0, 0, 0, 0, 35, 0, 0, 0, 0, 1, 36
"/Users/omarragab/Projects/kutub_fm/windows/flutter/generated_plugin_registrant.cc", "C++", 0, 12, 0, 0, 0, 0, 0, 0, 0, 0, 4, 5, 21
"/Users/omarragab/Projects/kutub_fm/windows/flutter/generated_plugin_registrant.h", "C++", 0, 5, 0, 0, 0, 0, 0, 0, 0, 0, 5, 6, 16
"/Users/omarragab/Projects/kutub_fm/windows/runner/flutter_window.cpp", "C++", 0, 49, 0, 0, 0, 0, 0, 0, 0, 0, 7, 16, 72
"/Users/omarragab/Projects/kutub_fm/windows/runner/flutter_window.h", "C++", 0, 20, 0, 0, 0, 0, 0, 0, 0, 0, 5, 9, 34
"/Users/omarragab/Projects/kutub_fm/windows/runner/main.cpp", "C++", 0, 30, 0, 0, 0, 0, 0, 0, 0, 0, 4, 10, 44
"/Users/omarragab/Projects/kutub_fm/windows/runner/resource.h", "C++", 0, 9, 0, 0, 0, 0, 0, 0, 0, 0, 6, 2, 17
"/Users/omarragab/Projects/kutub_fm/windows/runner/utils.cpp", "C++", 0, 54, 0, 0, 0, 0, 0, 0, 0, 0, 2, 10, 66
"/Users/omarragab/Projects/kutub_fm/windows/runner/utils.h", "C++", 0, 8, 0, 0, 0, 0, 0, 0, 0, 0, 6, 6, 20
"/Users/omarragab/Projects/kutub_fm/windows/runner/win32_window.cpp", "C++", 0, 210, 0, 0, 0, 0, 0, 0, 0, 0, 24, 55, 289
"/Users/omarragab/Projects/kutub_fm/windows/runner/win32_window.h", "C++", 0, 48, 0, 0, 0, 0, 0, 0, 0, 0, 31, 24, 103
"Total", "-", 1343, 574, 44, 327, 16808, 7, 248, 75, 537, 79, 606, 1817, 22465